{
  "creator": "wegodev",
  "list": [
    {
      "id": 1,
      "name": "Asparagus",
      "img": "https://i.ibb.co/4m50NPZ/asparagus.jpg",
      "price": 2000,
      "quantity": 100,
      "sold": 60,
      "rating": 4.5,
      "promo": [
        "FREESHIPPING"
      ],
      "seen": 100,
      "weight": "200gr",
      "condition": "NEW",
      "description": "A wonderful serenity has taken possession of my entire soul, like these sweet mornings of spring which I enjoy with my whole heart. I am alone, and feel the charm of existence in this spot, which was created for the bliss of souls like mine. I am so happy, my dear friend, so absorbed in the exquisite sense of mere tranquil existence, that I neglect my talents. I should be incapable of drawing a single stroke at the present moment; and yet I feel that I never was a greater artist than now. When, while the lovely valley teems with vapour around me, and the meridian sun strikes the upper surface of the impenetrable foliage of my trees, and but a few stray gleams steal into the inner sanctuary, I throw myself down among the tall grass by the trickling"
    },
    {
      "id": 2,
      "name": "Morning Glory",
      "img": "https://i.ibb.co/94PQTzP/morning-glory.jpg",
      "price": 4500,
      "quantity": 90,
      "sold": 50,
      "rating": 4.7,
      "promo": [
        "CASHBACK"
      ],
      "seen": 100,
      "weight": "200gr",
      "condition": "NEW",
      "description": "A wonderful serenity has taken possession of my entire soul, like these sweet mornings of spring which I enjoy with my whole heart. I am alone, and feel the charm of existence in this spot, which was created for the bliss of souls like mine. I am so happy, my dear friend, so absorbed in the exquisite sense of mere tranquil existence, that I neglect my talents. I should be incapable of drawing a single stroke at the present moment; and yet I feel that I never was a greater artist than now. When, while the lovely valley teems with vapour around me, and the meridian sun strikes the upper surface of the impenetrable foliage of my trees, and but a few stray gleams steal into the inner sanctuary, I throw myself down among the tall grass by the trickling"
    },
    {
      "id": 3,
      "name": "Brussel Sprouts",
      "img": "https://i.ibb.co/FsvjPWx/brussel-sprouts.jpg",
      "price": 14500,
      "quantity": 20,
      "sold": 10,
      "rating": 4.1,
      "promo": [
        "FREESHIPPING"
      ],
      "seen": 80,
      "weight": "200gr",
      "condition": "NEW",
      "description": "A wonderful serenity has taken possession of my entire soul, like these sweet mornings of spring which I enjoy with my whole heart. I am alone, and feel the charm of existence in this spot, which was created for the bliss of souls like mine. I am so happy, my dear friend, so absorbed in the exquisite sense of mere tranquil existence, that I neglect my talents. I should be incapable of drawing a single stroke at the present moment; and yet I feel that I never was a greater artist than now. When, while the lovely valley teems with vapour around me, and the meridian sun strikes the upper surface of the impenetrable foliage of my trees, and but a few stray gleams steal into the inner sanctuary, I throw myself down among the tall grass by the trickling"
    },
    {
      "id": 4,
      "name": "Carrots",
      "img": "https://i.ibb.co/2q7s6QM/carrots.jpg",
      "price": 3500,
      "quantity": 200,
      "sold": 100,
      "rating": 4.2,
      "promo": [
        "CASHBACK"
      ],
      "seen": 120,
      "weight": "100gr",
      "condition": "NEW",
      "description": "A wonderful serenity has taken possession of my entire soul, like these sweet mornings of spring which I enjoy with my whole heart. I am alone, and feel the charm of existence in this spot, which was created for the bliss of souls like mine. I am so happy, my dear friend, so absorbed in the exquisite sense of mere tranquil existence, that I neglect my talents. I should be incapable of drawing a single stroke at the present moment; and yet I feel that I never was a greater artist than now. When, while the lovely valley teems with vapour around me, and the meridian sun strikes the upper surface of the impenetrable foliage of my trees, and but a few stray gleams steal into the inner sanctuary, I throw myself down among the tall grass by the trickling"
    },
    {
      "id": 5,
      "name": "Fresh Gingers",
      "img": "https://i.ibb.co/wr1YMsb/ginger.jpg",
      "price": 14000,
      "quantity": 200,
      "sold": 100,
      "rating": 4.1,
      "promo": [
        "FREESHIPPING",
        "CASHBACK"
      ],
      "seen": 200,
      "weight": "200gr",
      "condition": "NEW",
      "description": "A wonderful serenity has taken possession of my entire soul, like these sweet mornings of spring which I enjoy with my whole heart. I am alone, and feel the charm of existence in this spot, which was created for the bliss of souls like mine. I am so happy, my dear friend, so absorbed in the exquisite sense of mere tranquil existence, that I neglect my talents. I should be incapable of drawing a single stroke at the present moment; and yet I feel that I never was a greater artist than now. When, while the lovely valley teems with vapour around me, and the meridian sun strikes the upper surface of the impenetrable foliage of my trees, and but a few stray gleams steal into the inner sanctuary, I throw myself down among the tall grass by the trickling"
    },
    {
      "id": 6,
      "name": "Fresh Gingers",
      "img": "https://i.ibb.co/JcWSLCj/chili.jpg",
      "price": 25000,
      "quantity": 200,
      "sold": 100,
      "rating": 4.6,
      "promo": [],
      "seen": 200,
      "weight": "100gr",
      "condition": "NEW",
      "description": "A wonderful serenity has taken possession of my entire soul, like these sweet mornings of spring which I enjoy with my whole heart. I am alone, and feel the charm of existence in this spot, which was created for the bliss of souls like mine. I am so happy, my dear friend, so absorbed in the exquisite sense of mere tranquil existence, that I neglect my talents. I should be incapable of drawing a single stroke at the present moment; and yet I feel that I never was a greater artist than now. When, while the lovely valley teems with vapour around me, and the meridian sun strikes the upper surface of the impenetrable foliage of my trees, and but a few stray gleams steal into the inner sanctuary, I throw myself down among the tall grass by the trickling"
    },
    {
      "id": 7,
      "name": "Water Spinach",
      "img": "https://i.ibb.co/tZC9nrB/spinach.jpg",
      "price": 3000,
      "quantity": 200,
      "sold": 100,
      "rating": 4.6,
      "promo": [
        "FREESHIPPING",
        "CASHBACK"
      ],
      "seen": 340,
      "weight": "100gr",
      "condition": "NEW",
      "description": "A wonderful serenity has taken possession of my entire soul, like these sweet mornings of spring which I enjoy with my whole heart. I am alone, and feel the charm of existence in this spot, which was created for the bliss of souls like mine. I am so happy, my dear friend, so absorbed in the exquisite sense of mere tranquil existence, that I neglect my talents. I should be incapable of drawing a single stroke at the present moment; and yet I feel that I never was a greater artist than now. When, while the lovely valley teems with vapour around me, and the meridian sun strikes the upper surface of the impenetrable foliage of my trees, and but a few stray gleams steal into the inner sanctuary, I throw myself down among the tall grass by the trickling"
    }
  ]
}